,test_acc,test_f1_score,tn,fp,fn,tp,model,fold,submodel
0,0.9583333134651184,0.9559599993740974,61,4,3,100,alexnet,0,
19,0.9404761791229248,0.9368990333437516,59,5,5,99,alexnet,1,
38,0.9464285969734192,0.9418796796871874,56,1,8,103,alexnet,2,
57,0.9404761791229248,0.9368990333437516,59,5,5,99,alexnet,3,
76,0.9345238208770752,0.9303771187951062,58,5,6,99,alexnet,4,
