,test_acc,test_f1_score,tn,fp,fn,tp,model,fold,submodel
9,0.8928571343421936,0.8897959132865056,61,15,3,89,googlenet,0,
28,0.8571428656578064,0.8530612194135778,58,18,6,86,googlenet,1,
47,0.9047619104385376,0.900694541962565,59,11,5,93,googlenet,2,
66,0.886904776096344,0.8829182357468124,59,14,5,90,googlenet,3,
85,0.9047619104385376,0.9011764654900072,60,12,4,92,googlenet,4,
