,test_acc,test_f1_score,tn,fp,fn,tp,auc_roc,auc_pr,model,fold,submodel
0,0.8404074907302856,0.8394704440626617,225,25,69,270,0.9150466966447596,0.904114647812876,alexnet,0,
23,0.833616316318512,0.8330923635354294,229,33,65,262,0.9110169491525424,0.8998227451469347,alexnet,1,
46,0.8217317461967468,0.8209866308628972,223,33,72,261,0.9023175371843652,0.8854947079501284,alexnet,2,
69,0.8353140950202942,0.8353121878017511,247,50,47,245,0.9077135939121412,0.8956067778789059,alexnet,3,
92,0.8200339674949646,0.8200292819385323,240,51,55,243,0.9067104808024904,0.8888356189793565,alexnet,4,
