,test_acc,test_f1_score,tn,fp,fn,tp,auc_roc,auc_pr,model,fold,submodel
0,0.9523809552192688,0.9495192256497608,60,4,4,100,0.9918118990384616,0.9948768065547222,alexnet,0,
23,0.9047619104385376,0.9011764654900072,60,12,4,92,0.9813701923076924,0.9894130216522116,alexnet,1,
46,0.9464285969734192,0.9436976303337532,61,6,3,98,0.9914362980769232,0.9950731146663868,alexnet,2,
69,0.9464285969734192,0.942672980664324,58,3,6,101,0.9729567307692308,0.9724656747420832,alexnet,3,
92,0.9345238208770752,0.931553015371729,61,8,3,96,0.9797175480769232,0.9815387240366508,alexnet,4,
