,test_acc,test_f1_score,tn,fp,fn,tp,auc_roc,auc_pr,model,fold,submodel
9,0.6689304113388062,0.6639082051680767,161,62,133,233,0.7270033437103656,0.687631333807043,googlenet,0,
32,0.6926994919776917,0.6914150530176755,185,72,109,223,0.7758849302432838,0.7662078597010518,googlenet,1,
55,0.7130730152130127,0.7125128110558924,197,71,98,223,0.7952150351666092,0.7872081665358721,googlenet,2,
78,0.7011884450912476,0.6962636488961447,169,51,125,244,0.7793612360198318,0.7523281899614164,googlenet,3,
101,0.7130730152130127,0.7129538529330478,204,78,91,216,0.7834428686728929,0.7726934075612614,googlenet,4,
