,test_acc,test_f1_score,tn,fp,fn,tp,auc_roc,auc_pr,model,fold,submodel
9,0.8928571343421936,0.887700529652494,57,11,7,93,0.9689002403846154,0.980691890601824,googlenet,0,
32,0.8214285969734192,0.8205128155557821,63,29,1,75,0.9732572115384616,0.983412636355051,googlenet,1,
55,0.8809523582458496,0.8758681787324347,57,13,7,91,0.962439903846154,0.9794874758418536,googlenet,2,
78,0.8809523582458496,0.877551015328863,60,16,4,88,0.9517728365384616,0.9596110874187972,googlenet,3,
101,0.8452380895614624,0.8425378464367224,60,22,4,82,0.9640925480769232,0.9738618387774972,googlenet,4,
